alexcurtis@6c3b9138-102f-0410-aba5-b8adf0b7bd61 = Alex Curtis <alx.curtis@gmail.com>
barche@6c3b9138-102f-0410-aba5-b8adf0b7bd61 = Bart Janssens <bart.janssens@lid.kviv.be>
barraemme@6c3b9138-102f-0410-aba5-b8adf0b7bd61 = Barbiero Mattia <barraemme@users.sourceforge.net>
carlosadc@6c3b9138-102f-0410-aba5-b8adf0b7bd61 = Carlos Dominguez <carlosadc@gmail.com>
caste1610@6c3b9138-102f-0410-aba5-b8adf0b7bd61 = Carsten Haubold <CarstenHaubold@web.de>
dentoid@6c3b9138-102f-0410-aba5-b8adf0b7bd61 = Anders Stenberg <anders.stenberg@gmail.com>
evanlezar@6c3b9138-102f-0410-aba5-b8adf0b7bd61 = Evan Lezar <evanlezar@gmail.com>
isouthd@6c3b9138-102f-0410-aba5-b8adf0b7bd61 = Ian South-Dickinson <southdii@onid.orst.edu>
joaduo@6c3b9138-102f-0410-aba5-b8adf0b7bd61 = Joaquin Duo <hoakoduo@yahoo.com.ar>
ssijaric@6c3b9138-102f-0410-aba5-b8adf0b7bd61 = Sanjin Sijaric <ssijaric@gmail.com>
tshead@6c3b9138-102f-0410-aba5-b8adf0b7bd61 = Timothy M. Shead <tshead@k-3d.com>
